type,state,candidate,date,winprob,electoral_votes_avg,electoral_votes_upr,electoral_votes_lwr,popular_votes_avg,popular_votes_upr,popular_votes_lwr
polls-plus,US,Trump,2020-11-03,10.39,189.5133,271,119,45.37347,47.85099,42.91262
polls-plus,US,Trump,2020-11-02,10.2675,189.5295,271,119,45.37347,47.8502,42.91348
polls-plus,US,Trump,2020-11-01,10.285,190.0875,270,119,45.50108,47.97809,43.03094
polls-plus,US,Trump,2020-10-31,10.5625,190.6819,273,119,45.487,47.99736,42.98096
polls-plus,US,Trump,2020-10-30,9.9625,190.9733,269,119,45.46838,48.0105,42.9251
polls-plus,US,Trump,2020-10-29,10.8975,191.1951,275,118,45.41101,47.99825,42.81808
polls-plus,US,Trump,2020-10-28,11.2575,195.159,275,119,45.46624,48.0974,42.83503
polls-plus,US,Trump,2020-10-27,11.89,194.434,278,119,45.43136,48.11111,42.74829
polls-plus,US,Trump,2020-10-26,12.354999999999999,194.4589,279,118,45.41864,48.14102,42.69503
polls-plus,US,Trump,2020-10-25,12.307500000000001,193.2231,279,118,45.40333,48.17115,42.63616
polls-plus,US,Trump,2020-10-24,12.959999999999999,194.5822,281,117,45.41736,48.22457,42.60899
polls-plus,US,Trump,2020-10-23,12.509999999999998,191.6852,280,116,45.32072,48.15564,42.49039
polls-plus,US,Trump,2020-10-22,12.19,191.0482,279,115,45.28804,48.17241,42.41592
polls-plus,US,Trump,2020-10-21,12.7775,192.7293,280,116,45.30177,48.22488,42.39642
polls-plus,US,Trump,2020-10-20,12.485,192.3522,280,114,45.26448,48.23416,42.30985
polls-plus,US,Trump,2020-10-19,12.0425,190.336,279,112,45.17442,48.1834,42.18653
polls-plus,US,Trump,2020-10-18,12.1775,191.2572,279,113,45.17662,48.21889,42.14919
polls-plus,US,Trump,2020-10-17,12.235,191.3031,280,112,45.17821,48.253,42.1105
polls-plus,US,Trump,2020-10-16,12.922500000000001,192.213,283,112,45.22214,48.32899,42.12756
polls-plus,US,Trump,2020-10-15,12.950000000000001,192.0065,283,112,45.22849,48.36061,42.1101
polls-plus,US,Trump,2020-10-14,13.0775,192.1605,283,112,45.27099,48.44166,42.11092
polls-plus,US,Trump,2020-10-13,12.977500000000001,191.7341,284,111,45.2369,48.438,42.04291
polls-plus,US,Trump,2020-10-12,13.4325,191.9522,285,110,45.28416,48.52246,42.05617
polls-plus,US,Trump,2020-10-11,13.772499999999999,192.5051,286,109,45.28168,48.55581,42.02129
polls-plus,US,Trump,2020-10-10,14.442499999999999,193.7852,289,110,45.33618,48.6417,42.04492
polls-plus,US,Trump,2020-10-09,14.702499999999999,194.4416,290,110,45.36269,48.69299,42.04865
polls-plus,US,Trump,2020-10-08,15.162500000000001,194.9928,292,110,45.39284,48.74539,42.06244
polls-plus,US,Trump,2020-10-07,15.645000000000001,195.3795,294,110,45.43958,48.82271,42.08158
polls-plus,US,Trump,2020-10-06,17.175,199.3351,296,111,45.58092,48.9858,42.20272
polls-plus,US,Trump,2020-10-05,18.072499999999998,202.256,300,113,45.7283,49.14938,42.33579
polls-plus,US,Trump,2020-10-04,18.655,203.256,302,113,45.77543,49.20663,42.37416
polls-plus,US,Trump,2020-10-03,19.425,205.2224,305,113,45.86703,49.3147,42.44763
polls-plus,US,Trump,2020-10-02,20.1875,205.0107,308,112,45.88682,49.36169,42.44398
polls-plus,US,Trump,2020-10-01,19.6175,202.5991,308,110,45.80278,49.33842,42.29966
polls-plus,US,Trump,2020-09-30,21.3425,206.2862,312,111,45.9699,49.56242,42.41258
polls-plus,US,Trump,2020-09-29,21.6025,206.9328,312,113,45.96296,49.54276,42.41872
polls-plus,US,Trump,2020-09-28,21.959999999999997,207.7895,315,113,45.98885,49.60487,42.40921
polls-plus,US,Trump,2020-09-27,21.97,206.6381,313,111,45.81521,49.45233,42.21351
polls-plus,US,Trump,2020-09-26,22.5325,207.176,316,110,45.85375,49.51593,42.22554
polls-plus,US,Trump,2020-09-25,22.81,207.5498,316,110,45.85934,49.54781,42.20478
polls-plus,US,Trump,2020-09-24,22.927500000000002,208.0136,315,110,45.95837,49.65797,42.28753
polls-plus,US,Trump,2020-09-23,22.235,206.3262,312,109,45.86427,49.60622,42.15812
polls-plus,US,Trump,2020-09-22,22.6,205.9798,313,110,45.89769,49.66927,42.15979
polls-plus,US,Trump,2020-09-21,22.535,206.3478,312,109,45.87987,49.68482,42.10999
polls-plus,US,Trump,2020-09-20,22.5775,207.4107,314,111,45.92939,49.75729,42.13705
polls-plus,US,Trump,2020-09-19,22.3425,207.3957,315,110,45.906,49.77435,42.07742
polls-plus,US,Trump,2020-09-18,22.725,207.7489,316,110,45.91582,49.80641,42.06271
polls-plus,US,Trump,2020-09-17,23.68,209.9885,319,112,46.01027,49.90779,42.11573
polls-plus,US,Trump,2020-09-16,23.352500000000003,208.9003,318,110,46.00893,49.93647,42.07764
polls-plus,US,Trump,2020-09-15,23.765,208.39,321,109,45.94145,49.91407,41.97375
polls-plus,US,Trump,2020-09-14,23.9225,208.9357,321,110,45.95493,49.95798,41.9717
polls-plus,US,Trump,2020-09-13,24.095,208.5953,321,109,45.92501,49.90557,41.92576
polls-plus,US,Trump,2020-09-12,24.515,209.328,324,108,45.9426,50.02527,41.8729
polls-plus,US,Trump,2020-09-11,24.05,207.9071,322,107,45.8877,49.93175,41.81036
polls-plus,US,Trump,2020-09-10,24.8775,210.1214,325,109,45.97954,50.05628,41.89537
polls-plus,US,Trump,2020-09-09,25.362499999999997,210.8713,327,109,45.98954,50.16024,41.85178
polls-plus,US,Trump,2020-09-08,28.2475,216.7224,328,110,46.18364,50.35461,42.06158
polls-plus,US,Trump,2020-09-07,28.487499999999997,216.9577,329,111,46.20694,50.39727,42.04342
polls-plus,US,Trump,2020-09-06,28.59,216.8837,331,110,46.12992,50.38704,41.9192
polls-plus,US,Trump,2020-09-05,29.205,218.0766,331,112,46.18348,50.39506,41.95213
polls-plus,US,Trump,2020-09-04,28.6825,217.0903,331,111,46.14719,50.36639,41.94962
polls-plus,US,Trump,2020-09-03,29.3225,218.8657,333,111,46.20557,50.47948,41.92551
polls-plus,US,Trump,2020-09-02,29.189999999999998,218.8979,333,111,46.21046,50.49683,41.92453
polls-plus,US,Trump,2020-09-01,30.725,222.6908,337,113,46.3896,50.72521,42.08624
polls-plus,US,Trump,2020-08-31,32.1275,225.0621,337,114,46.46019,50.76779,42.11338
polls-plus,US,Trump,2020-08-30,30.94,221.8873,337,110,46.30907,50.7851,41.85261
polls-plus,US,Trump,2020-08-29,30.752499999999998,220.7868,337,109,46.26345,50.76155,41.77486
polls-plus,US,Trump,2020-08-28,30.349999999999998,220.4639,337,109,46.2587,50.75557,41.81157
polls-plus,US,Trump,2020-08-27,29.94,220.3914,336,110,46.28278,50.70728,41.89773
polls-plus,US,Trump,2020-08-26,30.055,220.8551,337,110,46.30215,50.74532,41.88205
polls-plus,US,Trump,2020-08-25,27.045,213.9388,331,106,46.02112,50.4388,41.6248
polls-plus,US,Trump,2020-08-24,26.9575,213.7483,332,106,46.021,50.49995,41.58252
polls-plus,US,Trump,2020-08-23,26.729999999999997,212.5292,331,103,45.96653,50.48808,41.44489
polls-plus,US,Trump,2020-08-22,27.1,213.3921,331,105,46.01094,50.45963,41.51054
polls-plus,US,Trump,2020-08-21,26.7575,213.0551,331,105,45.99585,50.45788,41.53521
polls-plus,US,Trump,2020-08-20,27.365000000000002,215.0446,333,107,46.07849,50.51525,41.65974
polls-plus,US,Trump,2020-08-19,27.8625,216.3484,335,109,46.13017,50.59136,41.6842
polls-plus,US,Trump,2020-08-18,26.775,214.7168,333,108,46.08685,50.46551,41.67652
polls-plus,US,Trump,2020-08-17,27.24,215.2729,333,107,46.10958,50.53724,41.6344
polls-plus,US,Trump,2020-08-16,28.207500000000003,215.5538,336,107,46.16774,50.68077,41.68126
polls-plus,US,Trump,2020-08-15,27.744999999999997,213.2509,335,104,46.05632,50.63273,41.49172
polls-plus,US,Trump,2020-08-14,26.747500000000002,211.6081,333,105,45.98938,50.49768,41.51923
polls-plus,US,Trump,2020-08-13,27.52,213.7498,336,104,46.11533,50.64245,41.58178
polls-plus,US,Trump,2020-08-12,28.765,215.1911,337,105,46.17112,50.70852,41.56429
polls-plus,US,Trump,2020-08-11,28.660000000000004,214.9498,337,105,46.20192,50.83683,41.59494
polls-plus,US,Trump,2020-08-10,28.395,214.5426,337,103,46.19029,50.86157,41.55241
polls-plus,US,Trump,2020-08-09,28.7175,215.6911,339,105,46.24909,50.95182,41.57322
polls-plus,US,Trump,2020-08-08,29.12,216.0827,339,105,46.26159,50.90287,41.58996
polls-plus,US,Trump,2020-08-07,29.715000000000003,217.1632,340,104,46.29543,51.01738,41.58004
polls-plus,US,Trump,2020-08-06,29.32,216.8208,341,105,46.28619,51.04249,41.55771
polls-plus,US,Trump,2020-08-05,29.7725,217.515,341,105,46.31205,51.07544,41.55804
polls-plus,US,Trump,2020-08-04,28.04,212.0597,337,103,46.10718,50.79708,41.43733
polls-plus,US,Trump,2020-08-03,28.325,212.9614,337,103,46.13739,50.85131,41.4584
polls-plus,US,Trump,2020-08-02,28.3925,213.0605,338,103,46.13912,50.89564,41.42797
polls-plus,US,Trump,2020-08-01,28.6075,212.7638,338,102,46.11985,50.86026,41.35671
polls-plus,US,Trump,2020-07-31,28.67,213.5757,340,102,46.14778,50.89336,41.40097
polls-plus,US,Trump,2020-07-30,26.090000000000003,208.4238,334,102,45.93544,50.53705,41.39065
polls-plus,US,Trump,2020-07-29,26.6675,209.04,335,100,45.92358,50.5773,41.25378
polls-plus,US,Trump,2020-07-28,26.0625,207.1326,333,98,45.85881,50.51357,41.1924
polls-plus,US,Trump,2020-07-27,26.674999999999997,208.6976,336,100,45.91749,50.67381,41.17569
polls-plus,US,Trump,2020-07-26,26.747500000000002,208.3017,336,99,45.97368,50.72295,41.2672
polls-plus,US,Trump,2020-07-25,26.2025,209.0473,337,99,45.99001,50.81696,41.24988
polls-plus,US,Trump,2020-07-24,27.0275,209.7756,337,98,45.99775,50.81271,41.15303
polls-plus,US,Trump,2020-07-23,26.41,207.8097,335,97,45.94709,50.77929,41.13475
polls-plus,US,Trump,2020-07-22,25.222499999999997,206.5702,335,97,45.89418,50.78386,41.08658
polls-plus,US,Trump,2020-07-21,25.83,208.3234,337,97,45.95774,50.84897,41.06457
polls-plus,US,Trump,2020-07-20,24.955,205.582,335,94,45.83913,50.79581,40.92534
polls-plus,US,Trump,2020-07-19,25.66,206.8156,334,95,45.89302,50.81057,40.96729
polls-plus,US,Trump,2020-07-18,26.135,207.1693,335,93,45.889,50.83132,40.9453
polls-plus,US,Trump,2020-07-17,26.229999999999997,206.6574,335,94,45.89483,50.84206,40.9332
polls-plus,US,Trump,2020-07-16,25.935000000000002,205.8413,335,93,45.83747,50.77852,40.86111
polls-plus,US,Trump,2020-07-15,23.919999999999998,202.8228,330,94,45.71204,50.58324,40.9049
polls-plus,US,Trump,2020-07-14,25.8525,205.0833,335,92,45.80495,50.81122,40.81569
polls-plus,US,Trump,2020-07-13,25.8175,204.7945,335,92,45.78563,50.83285,40.74932
polls-plus,US,Trump,2020-07-12,27,206.4143,337,92,45.85665,50.9687,40.79765
polls-plus,US,Trump,2020-07-11,27.944999999999997,208.5454,338,92,45.9315,51.06208,40.82366
polls-plus,US,Trump,2020-07-10,27.52,207.4411,338,92,45.90247,51.00501,40.77045
polls-plus,US,Trump,2020-07-09,27.27,208.0501,337,94,45.90316,51.00532,40.8556
polls-plus,US,Trump,2020-07-08,26.9625,206.8318,337,92,45.85991,50.98801,40.75243
polls-plus,US,Trump,2020-07-07,26.840000000000003,206.8485,337,92,45.85553,50.93465,40.77628
polls-plus,US,Trump,2020-07-06,28.084999999999997,211.0341,339,94,46.00682,51.19341,40.84578
polls-plus,US,Trump,2020-07-05,23.735,202.7701,326,95,45.65043,50.38384,40.91089
polls-plus,US,Trump,2020-07-04,23.9875,203.1415,326,94,45.65899,50.45331,40.84191
polls-plus,US,Trump,2020-07-03,23.8125,201.9703,326,93,45.59909,50.39472,40.80989
polls-plus,US,Trump,2020-07-02,24.002499999999998,202.9859,327,94,45.64618,50.45094,40.84299
polls-plus,US,Trump,2020-07-01,23.535,202.0124,327,92,45.62083,50.48866,40.74539
polls-plus,US,Trump,2020-06-30,23.5475,202.2096,328,92,45.6191,50.48285,40.79374
polls-plus,US,Trump,2020-06-29,20.9525,196.828,318,92,45.39993,50.07216,40.73306
polls-plus,US,Trump,2020-06-28,21.1325,196.2056,318,92,45.40212,50.07193,40.79256
polls-plus,US,Trump,2020-06-27,20.810000000000002,196.2634,317,92,45.40378,50.05018,40.77088
polls-plus,US,Trump,2020-06-26,20.6375,195.4595,317,90,45.36304,50.07875,40.67146
polls-plus,US,Trump,2020-06-25,21.695,198.2772,320,92,45.47114,50.17564,40.78851
polls-plus,US,Trump,2020-06-24,21.032500000000002,196.5073,318,91,45.38713,50.10804,40.65841
polls-plus,US,Trump,2020-06-23,21.709999999999997,197.761,322,91,45.44068,50.26096,40.67317
polls-plus,US,Trump,2020-06-22,21.54,198.0367,320,91,45.40881,50.19436,40.59536
polls-plus,US,Trump,2020-06-21,21.95,199.1915,322,92,45.48504,50.30505,40.70179
polls-plus,US,Trump,2020-06-20,22.2,199.5023,322,92,45.49785,50.29456,40.72705
polls-plus,US,Trump,2020-06-19,22.5175,200.5645,325,92,45.53778,50.37589,40.7263
polls-plus,US,Trump,2020-06-18,23.75,201.7995,329,92,45.61443,50.51035,40.76797
polls-plus,US,Trump,2020-06-17,23.5175,202.0645,327,92,45.61938,50.49227,40.75835
polls-plus,US,Trump,2020-06-16,23.96,203.4893,328,94,45.68271,50.54545,40.80315
polls-plus,US,Trump,2020-06-15,24.779999999999998,205.0138,328,95,45.75811,50.5504,40.9251
polls-plus,US,Trump,2020-06-14,23.477500000000003,201.995,326,95,45.60586,50.35146,40.85883
polls-plus,US,Trump,2020-06-13,23.715,203.3475,326,95,45.68189,50.4464,40.89159
polls-plus,US,Trump,2020-06-12,24.235,203.924,326,96,45.73086,50.44556,40.99991
polls-plus,US,Trump,2020-06-11,24.5325,204.4158,328,96,45.765860000000004,50.50735,41.04717
polls-plus,US,Trump,2020-06-10,28.395,211.3559,333,100,46.01114,50.75439,41.27679
polls-plus,US,Trump,2020-06-09,28.8525,213.6465,334,103,46.1313,50.85634,41.38594
polls-plus,US,Trump,2020-06-08,30.3425,216.1307,337,104,46.24477,50.99332,41.52457
polls-plus,US,Trump,2020-06-07,30.227500000000003,216.488,337,104,46.2737,51.05724,41.49504
polls-plus,US,Trump,2020-06-06,30.525000000000002,217.2131,338,105,46.31012,51.04198,41.62245
polls-plus,US,Trump,2020-06-05,30.775000000000002,218.2592,339,106,46.36461,51.10926,41.62989
polls-plus,US,Trump,2020-06-04,28.835,213.6946,335,104,46.17122,50.82633,41.49159
polls-plus,US,Trump,2020-06-03,29.252499999999998,214.5781,335,105,46.22312,50.8365,41.60196
polls-plus,US,Trump,2020-06-02,29.397499999999997,214.024,337,103,46.17807,50.94933,41.44363
polls-plus,US,Trump,2020-06-01,29.59,215.0013,337,103,46.20322,50.93565,41.49165
polls-plus,US,Biden,2020-11-03,89.16,348.4867,419,267,53.37624,55.83899,50.87952
polls-plus,US,Biden,2020-11-02,89.32,348.4705,419,267,53.37624,55.83824,50.88025
polls-plus,US,Biden,2020-11-01,89.2825,347.9125,419,268,53.27753,55.76475,50.77527
polls-plus,US,Biden,2020-10-31,88.83,347.3181,419,265,53.28608,55.80073,50.74764
polls-plus,US,Biden,2020-10-30,89.58,347.0267,419,269,53.29737,55.84821,50.72821
polls-plus,US,Biden,2020-10-29,88.6725,346.8049,420,263,53.34082,55.94868,50.72867
polls-plus,US,Biden,2020-10-28,88.265,342.841,419,263,53.28358,55.92712,50.62366
polls-plus,US,Biden,2020-10-27,87.5525,343.566,419,260,53.32009,56.01546,50.61196
polls-plus,US,Biden,2020-10-26,87.0825,343.5411,420,259,53.33001,56.06316,50.58232
polls-plus,US,Biden,2020-10-25,87.1125,344.7769,420,259,53.34432,56.12394,50.54306
polls-plus,US,Biden,2020-10-24,86.4925,343.4178,421,257,53.32679,56.14759,50.48753
polls-plus,US,Biden,2020-10-23,86.88,346.3148,422,258,53.41985,56.26521,50.54681
polls-plus,US,Biden,2020-10-22,87.2325,346.9518,423,259,53.4502,56.33386,50.5427
polls-plus,US,Biden,2020-10-21,86.66,345.2707,422,258,53.44091,56.35245,50.50368
polls-plus,US,Biden,2020-10-20,87.0675,345.6478,424,258,53.47827,56.43481,50.49361
polls-plus,US,Biden,2020-10-19,87.5,347.664,426,259,53.57301,56.56211,50.55529
polls-plus,US,Biden,2020-10-18,87.355,346.7427,425,259,53.57382,56.60146,50.52079
polls-plus,US,Biden,2020-10-17,87.36500000000001,346.6969,426,258,53.57002,56.63504,50.48
polls-plus,US,Biden,2020-10-16,86.77,345.787,426,255,53.52393,56.62143,50.40108
polls-plus,US,Biden,2020-10-15,86.7025,345.9936,426,255,53.52165,56.64082,50.37309
polls-plus,US,Biden,2020-10-14,86.57000000000001,345.8395,426,255,53.47211,56.63706,50.28674
polls-plus,US,Biden,2020-10-13,86.6625,346.2659,427,254,53.51113,56.7049,50.29504
polls-plus,US,Biden,2020-10-12,86.21,346.0478,428,253,53.46163,56.69149,50.20482
polls-plus,US,Biden,2020-10-11,85.82499999999999,345.4949,429,252,53.46363,56.73321,50.17009
polls-plus,US,Biden,2020-10-10,85.1475,344.2148,428,249,53.4039,56.70459,50.07838
polls-plus,US,Biden,2020-10-09,84.845,343.5584,428,248,53.37741,56.70117,50.02898
polls-plus,US,Biden,2020-10-08,84.39750000000001,343.0071,428,246,53.34567,56.68546,49.98119
polls-plus,US,Biden,2020-10-07,83.955,342.6205,428,244,53.29694,56.66733,49.90414
polls-plus,US,Biden,2020-10-06,82.345,338.6649,427,242,53.15884,56.54906,49.74423
polls-plus,US,Biden,2020-10-05,81.4125,335.744,425,238,53.00696,56.41225,49.57882
polls-plus,US,Biden,2020-10-04,80.915,334.744,425,236,52.96099,56.37436,49.52385
polls-plus,US,Biden,2020-10-03,80.1225,332.7776,425,233,52.87085,56.30421,49.41457
polls-plus,US,Biden,2020-10-02,79.335,332.9893,426,230,52.83423,56.29155,49.35483
polls-plus,US,Biden,2020-10-01,79.9275,335.4009,428,230,52.9149,56.42958,49.37886
polls-plus,US,Biden,2020-09-30,78.185,331.7138,427,226,52.74551,56.32423,49.1458
polls-plus,US,Biden,2020-09-29,77.935,331.0672,425,226,52.75171,56.31634,49.16298
polls-plus,US,Biden,2020-09-28,77.5725,330.2105,425,223,52.72159,56.3167,49.10035
polls-plus,US,Biden,2020-09-27,77.56,331.3619,427,225,52.8941,56.5064,49.25216
polls-plus,US,Biden,2020-09-26,76.9675,330.824,428,222,52.85458,56.49204,49.18813
polls-plus,US,Biden,2020-09-25,76.685,330.4502,428,222,52.84624,56.51155,49.15376
polls-plus,US,Biden,2020-09-24,76.6175,329.9864,427,223,52.74192,56.42416,49.02992
polls-plus,US,Biden,2020-09-23,77.2925,331.67380000000003,429,226,52.83279,56.55154,49.07958
polls-plus,US,Biden,2020-09-22,76.86,332.0203,428,225,52.816160000000004,56.57026,49.03062
polls-plus,US,Biden,2020-09-21,76.9225,331.6522,429,226,52.82855,56.61564,49.01251
polls-plus,US,Biden,2020-09-20,76.835,330.5893,427,224,52.77768,56.5852,48.94392
polls-plus,US,Biden,2020-09-19,77.1425,330.6043,428,223,52.79246,56.64014,48.91676
polls-plus,US,Biden,2020-09-18,76.8,330.251,428,222,52.78104,56.64479,48.88648
polls-plus,US,Biden,2020-09-17,75.79,328.0115,426,219,52.68349,56.57381,48.77401
polls-plus,US,Biden,2020-09-16,76.0775,329.0998,428,220,52.68781,56.61147,48.76082
polls-plus,US,Biden,2020-09-15,75.7575,329.61,429,217,52.75442,56.70913,48.79145
polls-plus,US,Biden,2020-09-14,75.5925,329.0644,428,217,52.74354,56.73676,48.73645
polls-plus,US,Biden,2020-09-13,75.4475,329.4047,429,217,52.75882,56.75976,48.75369
polls-plus,US,Biden,2020-09-12,74.97749999999999,328.672,430,214,52.72985,56.81329,48.66277
polls-plus,US,Biden,2020-09-11,75.4575,330.0929,431,216,52.7874,56.85209,48.74033
polls-plus,US,Biden,2020-09-10,74.57000000000001,327.8786,429,213,52.6937,56.78706,48.6067
polls-plus,US,Biden,2020-09-09,74.1525,327.1287,429,211,52.679,56.81424,48.52128
polls-plus,US,Biden,2020-09-08,71.1825,321.2776,428,210,52.48886,56.61628,48.33362
polls-plus,US,Biden,2020-09-07,71.0275,321.0423,427,209,52.46479,56.65034,48.26233
polls-plus,US,Biden,2020-09-06,70.8875,321.1162,428,207,52.54525,56.75129,48.28846
polls-plus,US,Biden,2020-09-05,70.34,319.9235,426,207,52.48306,56.69505,48.27627
polls-plus,US,Biden,2020-09-04,70.81,320.9097,427,207,52.52046,56.72763,48.30067
polls-plus,US,Biden,2020-09-03,70.13000000000001,319.1343,427,205,52.46091,56.76775,48.18411
polls-plus,US,Biden,2020-09-02,70.3325,319.1021,427,205,52.45839,56.77116,48.1503
polls-plus,US,Biden,2020-09-01,68.81,315.3092,425,201,52.28353,56.5868,47.95645
polls-plus,US,Biden,2020-08-31,67.3975,312.938,424,201,52.21549,56.56361,47.90186
polls-plus,US,Biden,2020-08-30,68.65,316.1126,428,201,52.34467,56.75874,47.88278
polls-plus,US,Biden,2020-08-29,68.82000000000001,317.2131,429,201,52.40189,56.91839,47.88276
polls-plus,US,Biden,2020-08-28,69.2525,317.5361,429,201,52.40611,56.87645,47.90101
polls-plus,US,Biden,2020-08-27,69.64,317.6086,428,202,52.39348,56.78292,47.98074
polls-plus,US,Biden,2020-08-26,69.555,317.1448,428,201,52.37099,56.808839999999996,47.91171
polls-plus,US,Biden,2020-08-25,72.5875,324.0612,432,207,52.67421,57.08401,48.26421
polls-plus,US,Biden,2020-08-24,72.6975,324.2517,432,206,52.67212,57.11697,48.18879
polls-plus,US,Biden,2020-08-23,72.96249999999999,325.4708,435,207,52.73164,57.27232,48.20748
polls-plus,US,Biden,2020-08-22,72.55,324.6079,433,207,52.69307,57.18472,48.20979
polls-plus,US,Biden,2020-08-21,72.875,324.9449,433,207,52.71219,57.17679,48.24926
polls-plus,US,Biden,2020-08-20,72.2825,322.9554,431,205,52.63926,57.06075,48.17797
polls-plus,US,Biden,2020-08-19,71.7275,321.6516,429,203,52.58604,57.03696,48.12635
polls-plus,US,Biden,2020-08-18,72.91,323.2832,430,205,52.6301,57.04149,48.22936
polls-plus,US,Biden,2020-08-17,72.375,322.7271,431,205,52.61044,57.08716,48.18307
polls-plus,US,Biden,2020-08-16,71.45,322.4463,431,202,52.54878,57.06306,48.06044
polls-plus,US,Biden,2020-08-15,71.91499999999999,324.7491,434,203,52.651,57.21465,48.0732
polls-plus,US,Biden,2020-08-14,72.925,326.3919,433,205,52.71326,57.17666,48.21701
polls-plus,US,Biden,2020-08-13,72.16,324.2502,434,202,52.59297,57.13207,48.04206
polls-plus,US,Biden,2020-08-12,70.875,322.8088,433,201,52.52475,57.11084,47.97743
polls-plus,US,Biden,2020-08-11,71.025,323.0502,433,201,52.49453,57.10124,47.85249
polls-plus,US,Biden,2020-08-10,71.28750000000001,323.4573,435,201,52.49098,57.14674,47.82245
polls-plus,US,Biden,2020-08-09,70.9125,322.3089,433,199,52.43238,57.08838,47.72408
polls-plus,US,Biden,2020-08-08,70.55,321.9173,433,199,52.41681,57.07491,47.74853
polls-plus,US,Biden,2020-08-07,69.92,320.8368,434,198,52.38504,57.09568,47.65911
polls-plus,US,Biden,2020-08-06,70.3325,321.1793,433,197,52.39062,57.13195,47.63836
polls-plus,US,Biden,2020-08-05,69.8925,320.485,433,197,52.36253,57.09853,47.58785
polls-plus,US,Biden,2020-08-04,71.6625,325.9403,435,201,52.57859,57.24018,47.88954
polls-plus,US,Biden,2020-08-03,71.2975,325.0386,435,201,52.54492,57.25592,47.84332
polls-plus,US,Biden,2020-08-02,71.24249999999999,324.9395,435,200,52.54113,57.26371,47.76087
polls-plus,US,Biden,2020-08-01,71.0875,325.2362,436,200,52.56147,57.29603,47.80448
polls-plus,US,Biden,2020-07-31,71.0125,324.4243,436,198,52.53598,57.31334,47.77644
polls-plus,US,Biden,2020-07-30,73.59,329.5762,436,204,52.74822,57.31424,48.10459
polls-plus,US,Biden,2020-07-29,72.9925,328.96,438,203,52.74941,57.41732,48.10526
polls-plus,US,Biden,2020-07-28,73.63,330.8674,440,205,52.81291,57.47815,48.15805
polls-plus,US,Biden,2020-07-27,72.97749999999999,329.3023,438,202,52.74271,57.51265,48.00462
polls-plus,US,Biden,2020-07-26,72.9375,329.6984,439,202,52.68783,57.42074,47.95403
polls-plus,US,Biden,2020-07-25,73.5,328.9527,439,201,52.67056,57.41073,47.85799
polls-plus,US,Biden,2020-07-24,72.65,328.2244,440,201,52.66726,57.48201,47.82852
polls-plus,US,Biden,2020-07-23,73.2575,330.1903,441,203,52.71225,57.56994,47.90079
polls-plus,US,Biden,2020-07-22,74.5,331.4298,441,203,52.77857,57.5659,47.8844
polls-plus,US,Biden,2020-07-21,73.91499999999999,329.6766,441,201,52.70412,57.6297,47.79524
polls-plus,US,Biden,2020-07-20,74.795,332.418,444,203,52.83022,57.7626,47.89375
polls-plus,US,Biden,2020-07-19,74.08,331.1844,443,204,52.79765,57.69178,47.88055
polls-plus,US,Biden,2020-07-18,73.56,330.8307,445,203,52.79903,57.75053,47.86944
polls-plus,US,Biden,2020-07-17,73.485,331.3426,444,203,52.78936,57.7688,47.8424
polls-plus,US,Biden,2020-07-16,73.795,332.1587,445,203,52.84692,57.80231,47.90779
polls-plus,US,Biden,2020-07-15,75.8,335.1772,444,208,52.97364,57.78214,48.11746
polls-plus,US,Biden,2020-07-14,73.85000000000001,332.9167,446,203,52.87408,57.86454,47.87369
polls-plus,US,Biden,2020-07-13,73.885,333.2055,446,203,52.89586,57.92501,47.83879
polls-plus,US,Biden,2020-07-12,72.6775,331.5857,446,201,52.819,57.89326,47.72194
polls-plus,US,Biden,2020-07-11,71.71499999999999,329.4546,446,200,52.73925,57.84136,47.59866
polls-plus,US,Biden,2020-07-10,72.16,330.5589,446,200,52.77518,57.90038,47.68229
polls-plus,US,Biden,2020-07-09,72.455,329.9499,444,201,52.776,57.83777,47.66722
polls-plus,US,Biden,2020-07-08,72.7375,331.1682,446,201,52.81811,57.89178,47.69514
polls-plus,US,Biden,2020-07-07,72.8375,331.1515,446,201,52.82038,57.89341,47.73086
polls-plus,US,Biden,2020-07-06,71.58,326.9659,444,199,52.66445,57.79437,47.48414
polls-plus,US,Biden,2020-07-05,75.9375,335.2299,443,212,53.03101,57.78221,48.25012
polls-plus,US,Biden,2020-07-04,75.685,334.8585,444,212,53.02658,57.82705,48.23739
polls-plus,US,Biden,2020-07-03,75.895,336.0297,445,212,53.08897,57.8764,48.28157
polls-plus,US,Biden,2020-07-02,75.63,335.0142,444,211,53.04318,57.82728,48.2515
polls-plus,US,Biden,2020-07-01,76.1525,335.9876,446,211,53.07158,57.95334,48.21278
polls-plus,US,Biden,2020-06-30,76.1375,335.7904,446,210,53.07162,57.91264,48.19541
polls-plus,US,Biden,2020-06-29,78.78500000000001,341.172,446,220,53.29433,57.93801,48.61784
polls-plus,US,Biden,2020-06-28,78.5625,341.7944,446,220,53.29407,57.91077,48.59251
polls-plus,US,Biden,2020-06-27,78.8425,341.7366,446,221,53.29099,57.91059,48.67001
polls-plus,US,Biden,2020-06-26,79.05499999999999,342.5405,448,221,53.33689,58.02941,48.61265
polls-plus,US,Biden,2020-06-25,77.95,339.7228,446,218,53.23003,57.90521,48.51783
polls-plus,US,Biden,2020-06-24,78.6725,341.4927,447,220,53.31142,58.0117,48.58786
polls-plus,US,Biden,2020-06-23,78.0075,340.239,447,216,53.2442,57.9963,48.44623
polls-plus,US,Biden,2020-06-22,78.16,339.9633,447,218,53.28255,58.075,48.48858
polls-plus,US,Biden,2020-06-21,77.7475,338.8086,446,216,53.20727,57.9707,48.40547
polls-plus,US,Biden,2020-06-20,77.515,338.4977,446,216,53.1989,57.98159,48.41396
polls-plus,US,Biden,2020-06-19,77.1925,337.4355,446,213,53.14845,57.97366,48.32314
polls-plus,US,Biden,2020-06-18,75.945,336.2005,446,209,53.07222,57.92015,48.17367
polls-plus,US,Biden,2020-06-17,76.1575,335.9355,446,211,53.05688,57.91314,48.17007
polls-plus,US,Biden,2020-06-16,75.675,334.5107,444,210,52.99614,57.88606,48.15334
polls-plus,US,Biden,2020-06-15,74.9025,332.9862,442,210,52.92667,57.72252,48.126
polls-plus,US,Biden,2020-06-14,76.255,336.005,443,212,53.07205,57.8587,48.30339
polls-plus,US,Biden,2020-06-13,75.935,334.6525,443,212,53.00398,57.77147,48.24353
polls-plus,US,Biden,2020-06-12,75.42999999999999,334.076,442,212,52.94989,57.68588,48.22766
polls-plus,US,Biden,2020-06-11,75.125,333.5842,442,210,52.9145,57.66437,48.18432
polls-plus,US,Biden,2020-06-10,71.1825,326.6442,438,205,52.67278,57.43367,47.92501
polls-plus,US,Biden,2020-06-09,70.72,324.3535,435,204,52.5538,57.30523,47.83714
polls-plus,US,Biden,2020-06-08,69.2525,321.8693,434,201,52.43583,57.17598,47.69545
polls-plus,US,Biden,2020-06-07,69.35,321.512,434,201,52.41333,57.1865,47.63892
polls-plus,US,Biden,2020-06-06,69.085,320.7869,433,200,52.378,57.07314,47.62445
polls-plus,US,Biden,2020-06-05,68.77250000000001,319.7408,432,199,52.32565,57.06739,47.55882
polls-plus,US,Biden,2020-06-04,70.755,324.3054,434,203,52.52184,57.19538,47.87417
polls-plus,US,Biden,2020-06-03,70.3475,323.4219,433,203,52.47629,57.11295,47.85891
polls-plus,US,Biden,2020-06-02,70.22500000000001,323.976,435,201,52.50252,57.25562,47.74026
polls-plus,US,Biden,2020-06-01,70.05749999999999,322.9987,435,201,52.47558,57.19166,47.73165
